16,P
17,P
18,P
19,P
21,P
22,P
23,P
26,J
27,J
28,P
29,P
30,P
31,P
32,P
33,P
34,P
35,P
36,P
37,P
38,P
39,P
40,P
41,P
42,P
43,P
44,P
45,P
46,P
47,P
48,P
49,P
50,P
51,P
52,S
53,S
54,R
55,R
56,R
57,R
58,R
59,R
60,R
61,R
62,R
256,B
258,B
259,B
260,B
261,B
262,B
263,B
265,B
266,B
267,B
268,B
269,B
270,B
271,B
272,B
273,B
274,B
275,B
280,B
281,B
282,B
283,B
284,B
288,B
289,B
290,B
291,B
292,B
296,B
297,B
298,B
299,B
305,B
306,B
307,B
308,B
309,B
310,B
311,B
312,B
314,B
315,B
316,B
317,B
318,B
319,B
321,B
322,B
323,B
324,B
325,B
328,B
329,B
330,B
331,B
332,B
333,B
334,B
335,B
345,B
346,B
347,B
348,B
349,B
