21,0x4,0xb0,0x22,0xb0,0x4,0xb2,0x22,0xb2
22,0x4,0xb1,0x22,0xb1,0x4,0xb3,0x22,0xb3
26,0x2,0xb0,0x20,0xb0,0x2,0xb2,0x20,0xb2
27,0x2,0xb1,0x20,0xb1,0x2,0xb3,0x20,0xb3
52,0x3,0xb0,0x21,0xb0,0x3,0xb2,0x21,0xb2
53,0x3,0xb1,0x21,0xb1,0x3,0xb3,0x21,0xb3
55,0x14,0xb0,0x32,0xb0,0x14,0xb2,0x32,0xb2
56,0x16,0xb0,0x34,0xb0,0x16,0xb2,0x34,0xb2
57,0x14,0xb1,0x32,0xb1,0x14,0xb3,0x32,0xb3
58,0x16,0xb1,0x34,0xb1,0x16,0xb3,0x34,0xb3
256,0xb,0xb0,0x29,0xb0,0xb,0xb2,0x29,0xb2
258,0xc,0xb0,0x2a,0xb0,0xc,0xb2,0x2a,0xb2
259,0x8,0xb0,0x26,0xb0,0x8,0xb2,0x26,0xb2
260,0xd,0xb0,0x2b,0xb0,0xd,0xb2,0x2b,0xb2
261,0x9,0xb0,0x27,0xb0,0x9,0xb2,0x27,0xb2
262,0xe,0xb0,0x2c,0xb0,0xe,0xb2,0x2c,0xb2
263,0xa,0xb0,0x28,0xb0,0xa,0xb2,0x28,0xb2
265,0xf,0xb0,0x2d,0xb0,0xf,0xb2,0x2d,0xb2
266,0x17,0xb0,0x35,0xb0,0x17,0xb2,0x35,0xb2
267,0x10,0xb0,0x2e,0xb0,0x10,0xb2,0x2e,0xb2
268,0x18,0xb0,0x36,0xb0,0x18,0xb2,0x36,0xb2
269,0x11,0xb0,0x2f,0xb0,0x11,0xb2,0x2f,0xb2
270,0x1,0xb0,0x1f,0xb0,0x1,0xb2,0x1f,0xb2
271,0x12,0xb0,0x30,0xb0,0x12,0xb2,0x30,0xb2
272,0x6,0xb0,0x24,0xb0,0x6,0xb2,0x24,0xb2
273,0x5,0xb0,0x23,0xb0,0x5,0xb2,0x23,0xb2
274,0x15,0xb0,0x33,0xb0,0x15,0xb2,0x33,0xb2
275,0x13,0xb0,0x31,0xb0,0x13,0xb2,0x31,0xb2
296,0x6,0xb1,0x24,0xb1,0x6,0xb3,0x24,0xb3
297,0x5,0xb1,0x23,0xb1,0x5,0xb3,0x23,0xb3
298,0x15,0xb1,0x33,0xb1,0x15,0xb3,0x33,0xb3
299,0x13,0xb1,0x31,0xb1,0x13,0xb3,0x31,0xb3
305,0xf,0xb1,0x2d,0xb1,0xf,0xb3,0x2d,0xb3
306,0x17,0xb1,0x35,0xb1,0x17,0xb3,0x35,0xb3
307,0x10,0xb1,0x2e,0xb1,0x10,0xb3,0x2e,0xb3
308,0x18,0xb1,0x36,0xb1,0x18,0xb3,0x36,0xb3
309,0x11,0xb1,0x2f,0xb1,0x11,0xb3,0x2f,0xb3
310,0x1,0xb1,0x1f,0xb1,0x1,0xb3,0x1f,0xb3
311,0x12,0xb1,0x30,0xb1,0x12,0xb3,0x30,0xb3
312,0xb,0xb1,0x29,0xb1,0xb,0xb3,0x29,0xb3
314,0xc,0xb1,0x2a,0xb1,0xc,0xb3,0x2a,0xb3
315,0x8,0xb1,0x26,0xb1,0x8,0xb3,0x26,0xb3
316,0xd,0xb1,0x2b,0xb1,0xd,0xb3,0x2b,0xb3
317,0x9,0xb1,0x27,0xb1,0x9,0xb3,0x27,0xb3
318,0xe,0xb1,0x2c,0xb1,0xe,0xb3,0x2c,0xb3
319,0xa,0xb1,0x28,0xb1,0xa,0xb3,0x28,0xb3
